{"cameraMode":{"drawMode":0,"name":"Shaded","section":"Shading Mode"},"sceneLighting":true,"audioPlay":false,"sceneViewState":{"showFog":true,"showMaterialUpdate":false,"showSkybox":false,"showFlares":true,"showImageEffects":true,"showParticleSystems":true},"in2DMode":false,"pivot":{"x":0.2785911560058594,"y":0.575739860534668,"z":-0.24351602792739869},"rotation":{"x":0.1275162547826767,"y":-0.7127814292907715,"z":0.13435764610767365,"w":0.6764995455741882},"size":10.449999809265137,"orthographic":false}