{"cameraMode":{"drawMode":0,"name":"Shaded","section":"Shading Mode"},"sceneLighting":false,"audioPlay":false,"sceneViewState":{"showFog":true,"showMaterialUpdate":false,"showSkybox":false,"showFlares":true,"showImageEffects":true,"showParticleSystems":true},"in2DMode":false,"pivot":{"x":-2.2686471939086916,"y":0.6317543983459473,"z":-2.0359764099121095},"rotation":{"x":0.022773830220103265,"y":-0.9636572599411011,"z":0.08726523816585541,"w":0.2514982521533966},"size":23.334524154663087,"orthographic":false}