{"cameraMode":{"drawMode":2,"name":"Shaded Wireframe","section":"Shading Mode"},"sceneLighting":true,"audioPlay":false,"sceneViewState":{"showFog":true,"showMaterialUpdate":false,"showSkybox":false,"showFlares":true,"showImageEffects":true,"showParticleSystems":true},"in2DMode":false,"pivot":{"x":-177.26109313964845,"y":-20.066648483276368,"z":29.25895118713379},"rotation":{"x":0.05093444511294365,"y":-0.6540474891662598,"z":0.04421544447541237,"w":0.7534403800964356},"size":220.48793029785157,"orthographic":false}