{"cameraMode":{"drawMode":2,"name":"Shaded Wireframe","section":"Shading Mode"},"sceneLighting":true,"audioPlay":false,"sceneViewState":{"showFog":true,"showMaterialUpdate":false,"showSkybox":false,"showFlares":true,"showImageEffects":true,"showParticleSystems":true},"in2DMode":false,"pivot":{"x":-73.194580078125,"y":-0.8656425476074219,"z":201.0155487060547},"rotation":{"x":0.010331121273338795,"y":-0.17842717468738557,"z":0.0018737070495262743,"w":0.9838970303535461},"size":220.48793029785157,"orthographic":false}