{"cameraMode":{"drawMode":2,"name":"Shaded Wireframe","section":"Shading Mode"},"sceneLighting":true,"audioPlay":false,"sceneViewState":{"showFog":true,"showMaterialUpdate":false,"showSkybox":false,"showFlares":true,"showImageEffects":true,"showParticleSystems":true},"in2DMode":false,"pivot":{"x":0.3787813186645508,"y":2.160799980163574,"z":0.7177425622940064},"rotation":{"x":0.12407166510820389,"y":-0.5946097373962402,"z":0.09351862221956253,"w":0.7888675332069397},"size":5.167952060699463,"orthographic":false}